ward_id,population
1,63990
2,62085
3,64443
4,67069
5,61798
6,61798
7,67238
8,64802
9,61092
10,64128
11,61110
12,61103
13,63226
14,56760
15,57325
16,60813
17,59462
18,63443
19,59776
20,58263
21,66897
22,61823
23,62703
24,58226
25,60867
26,62833
27,59047
28,63627
29,60698
30,61625
31,60695
32,68057
33,62460
34,59327
35,64968
36,58837
37,63127
38,56621
39,58515
40,63091
41,64715
42,63014
43,62153
44,61597
45,58064
46,60340
47,61118
48,65671
49,63531
50,57211
51,63472
52,61345
53,60469
54,64335
55,65593
56,65294
57,59982
58,61572
